<?xml version="1.0" encoding="UTF-8"?>
<mule xmlns="http://www.mulesoft.org/schema/mule/core" xmlns:apikit="http://www.mulesoft.org/schema/mule/apikit" xmlns:context="http://www.springframework.org/schema/context" xmlns:doc="http://www.mulesoft.org/schema/mule/documentation" xmlns:http="http://www.mulesoft.org/schema/mule/http" xmlns:spring="http://www.springframework.org/schema/beans" xmlns:xsi="http://www.w3.org/2001/XMLSchema-instance" xsi:schemaLocation="http://www.springframework.org/schema/context http://www.springframework.org/schema/context/spring-context-current.xsd
http://www.mulesoft.org/schema/mule/core http://www.mulesoft.org/schema/mule/core/current/mule.xsd
http://www.mulesoft.org/schema/mule/http http://www.mulesoft.org/schema/mule/http/current/mule-http.xsd
http://www.mulesoft.org/schema/mule/apikit http://www.mulesoft.org/schema/mule/apikit/current/mule-apikit.xsd
http://www.springframework.org/schema/beans http://www.springframework.org/schema/beans/spring-beans-3.1.xsd">
   
    <context:property-placeholder location="fx-cus-${env}.properties" />

    <apikit:config name="equifax-gcp-ofp-cmsoraclelist-api-config" raml="equifax-gcp-ofp-cmsoraclelist-api.raml" consoleEnabled="false" doc:name="Router"/>
    <flow name="equifax-gcp-ofp-cmsoraclelist-api-main">
        <http:listener config-ref="HTTP_Listener_Configuration1" path="gcp/ofp/cmsOracleList/api/1.0/*" doc:name="HTTP" allowedMethods="GET"/>
         <set-variable variableName="transactionId" value="#[message:id]" doc:name="TransactionId" />
        <apikit:router config-ref="equifax-gcp-ofp-cmsoraclelist-api-config" doc:name="APIkit Router"/>
        <exception-strategy ref="global-exception-handlerChoice_Exception_Strategy" doc:name="Reference Exception Strategy"/>
    </flow>
    <flow name="equifax-gcp-ofp-cmsoraclelist-api-console">
        <http:listener config-ref="HTTP_Listener_Configuration1" path="/cmsOracleList/console/*" doc:name="HTTP"/>
        <apikit:console config-ref="equifax-gcp-ofp-cmsoraclelist-api-config" doc:name="APIkit Console"/>
    </flow>

</mule>
