<?xml version="1.0" encoding="UTF-8"?>

<mule xmlns:validation="http://www.mulesoft.org/schema/mule/validation"
	xmlns:mulexml="http://www.mulesoft.org/schema/mule/xml"
	xmlns:http="http://www.mulesoft.org/schema/mule/http" xmlns:dw="http://www.mulesoft.org/schema/mule/ee/dw"
	xmlns:db="http://www.mulesoft.org/schema/mule/db" xmlns:metadata="http://www.mulesoft.org/schema/mule/metadata"
	xmlns:context="http://www.springframework.org/schema/context"
	xmlns:tracking="http://www.mulesoft.org/schema/mule/ee/tracking"
	xmlns:json="http://www.mulesoft.org/schema/mule/json" xmlns="http://www.mulesoft.org/schema/mule/core"
	xmlns:doc="http://www.mulesoft.org/schema/mule/documentation"
	xmlns:spring="http://www.springframework.org/schema/beans" xmlns:xsi="http://www.w3.org/2001/XMLSchema-instance"
	xsi:schemaLocation="http://www.mulesoft.org/schema/mule/validation http://www.mulesoft.org/schema/mule/validation/current/mule-validation.xsd
http://www.springframework.org/schema/context http://www.springframework.org/schema/context/spring-context-current.xsd
http://www.mulesoft.org/schema/mule/json http://www.mulesoft.org/schema/mule/json/current/mule-json.xsd
http://www.springframework.org/schema/beans http://www.springframework.org/schema/beans/spring-beans-current.xsd
http://www.mulesoft.org/schema/mule/core http://www.mulesoft.org/schema/mule/core/current/mule.xsd
http://www.mulesoft.org/schema/mule/ee/tracking http://www.mulesoft.org/schema/mule/ee/tracking/current/mule-tracking-ee.xsd
http://www.mulesoft.org/schema/mule/db http://www.mulesoft.org/schema/mule/db/current/mule-db.xsd
http://www.mulesoft.org/schema/mule/ee/dw http://www.mulesoft.org/schema/mule/ee/dw/current/dw.xsd
http://www.mulesoft.org/schema/mule/http http://www.mulesoft.org/schema/mule/http/current/mule-http.xsd
http://www.mulesoft.org/schema/mule/xml http://www.mulesoft.org/schema/mule/xml/current/mule-xml.xsd">
		
       
       <flow name="get:/getBillingTemplateList:equifax-gcp-ofp-cmsoraclelist-api-config">
        <dw:transform-message doc:name="Transform Message">
            <dw:set-payload resource="classpath:dwl's/billingTemplate.dwl" />
        </dw:transform-message>

    </flow>
     <flow name="get:/getProductList:equifax-gcp-ofp-cmsoraclelist-api-config">
		
        <dw:transform-message doc:name="Transform Message">
            <dw:set-payload resource="classpath:dwl's/productList.dwl" />
        </dw:transform-message>
        <set-variable variableName="product_type" value="#[message.inboundProperties.'http.query.params'.product_type.toUpperCase()]" doc:name="Variable"/>
        <set-payload value="#[payload.get(flowVars.product_type)]" doc:name="Set Payload"/>

    </flow>
   <flow name="get:/getPlatformList:equifax-gcp-ofp-cmsoraclelist-api-config">
        <dw:transform-message doc:name="Transform Message">
             <dw:set-payload resource="classpath:dwl's/platformList.dwl" />
        </dw:transform-message>
    </flow>
        <flow name="get:/getProjectManagerList:equifax-gcp-ofp-cmsoraclelist-api-config">
        <dw:transform-message doc:name="Transform Message">
            <dw:set-payload><![CDATA[%dw 1.0
%output application/java
---
{
}]]></dw:set-payload>
        </dw:transform-message>
    </flow>

	</mule>