   {
     "$schema": "http://json-schema.org/draft-03/schema",
     "description": "CustomerDetails Schema",
     "type": "object",
     "properties": {
	       "row_id": {"type": "string"},
         "business_unit": {
         "type": "array",
         "items": {"type": "string"} },
	       "customer_name": {"type": "string"},
	       "member_number": {"type": "string"},
	       "oracle_account_number": {"type": "number"},
         "account_status": {"type": "string" },
         "eam_name": {"type": "string"},
         "eam_number": {"type": "number"},
	       "efx_company_number": {"type": "number"},
         "efx_sales_rep": {"type": "string"},
         "high_family_name": {"type": "string"},
         "high_family_number": {"type": "string"},
         "last_update_date_time" : {"type": "string"},
         "last_updated_by": {"type": "string"},
         "low_family_number": {"type": "string"},
         "mdr_account": {"type": "boolean"},
	       "sales_vertical": {"type": "number"},
         "main_phone": {"type": "number"},
         "main_fax": {"type": "number"},
          "address": {
		     "type": "object",
                "properties": {
                   "addr_line_1": {"type": "string"},
                   "addr_line_2": {"type": "string"},
                   "city": {"type": "string"},
                   "country": {"type": "string"},
                   "state": {"type": "string"},
                   "province": {"type": "string"},
                   "zipcode": {"type": "string"}           
	            }
           }
      }
   }