
{
	"result": [
			  {
				"DropdownName": "TransactionNumber",
				"DropdownValue": [
				  "txn001",
				  "txn002"
				],
				"code": "TRN01",
				"description": "TransactionCode"
			  },
			  {
				"DropdownName": "CopyFromTRN",
				"DropdownValue": [
				  "TRN001",
				  "TRN002"
				],
				"code": "TRN01C",
				"description": "CopyOfTRN"
			  },
			  {
				"DropdownName": "Country",
				"DropdownValue": [
				  "HongKong",
				  "UK"
				],
				"code": [
				  "HK012",
				  "US01"
				],
				"description": [
				  "Hongkong Project",
				  "United State Project"
				]
			  },
			  {
				"DropdownName": "WOLFStatus",
				"DropdownValue": [
				  "YES",
				  "No"
				],
				"code": "WOLF10",
				"description": "WolfStatus"
			  },
			  {
				"DropdownName": "CreateTemplate",
				"DropdownValue": [
				  "HSBC",
				  "GTRF"
				],
				"code": [
				  "HK012",
				  "US01"
				],
				"description": [
				  "Hongkong Project",
				  "United State Project"
				]
			  },
			  {
				"DropdownName": "FurtherIdentification",
				"DropdownValue": [
				  "Requaired",
				  "NotRequaired"
				],
				"code": "FYI",
				"description": "Pending"
			  },
			  {
				"DropdownName": "IEDivisionCode",
				"DropdownValue": [
				  "HKF001",
				  "HKF002"
				],
				"code": "HSBCGTRF",
				"description": "Division"
			  },
			  {
				"DropdownName": "ExpiryDate",
				"DropdownValue": [
				  "25/06/2017",
				  "27/06/2017"
				],
				"code": "exp01",
				"description": "ExpiryDate"
			  },
			  {
				"DropdownName": "Variance",
				"DropdownValue": [
				  "2000",
				  "5000"
				],
				"code":"Var10",
				"description": "Variance"
			  }
		] 
	}
