{
	"$schema": "http://json-schema.org/draft-03/schema",
	"description": "create project API Schema",
	"properties": {
	
	"templateId": {
			"type": "string"
		},
		
     "projectNumber": {
			"type": "string"
		},
	
		"projectType": {
			"type": "string",
			"required": true
		},
		
		"projectName": {
			"type": "string",
			"required": true
		},
		
		"projectDescription": {
			"type": "string"
			
		},
		
		"productCode": {
			"type": "string",
			"required": true
		},
		
		
		"platformCode": {
			"type": "string"
		},
		
		
	    "teamId": {
			"type": "string"
		},	
		
		
		"salesRepId": {
			"type": "string"
		},
		"product": {
			"type": "string"
		},
		"productionProjectManagerId": {
			"type": "string"
		},
		
		"projectManagerId": {
			"type": "string"
		},
		"dataOriginCode": {
			"type": "string"
		},
		
		"ioMethodCode": {
			"type": "string"
		},
		
		"customerId": {
			"type": "string",
			"required": true
		},
		
		
		"applicationCode": {
			"type": "string"
		},
		"businessUnitCode": {
			"type": "string"
		},
		
		
		
		"processCode": {
			"type": "string",
			"required": true
		},
		"fulfillmentCpuCode": {
			"type": "string"
		},
		
		"createdBy": {		
		"type": "string"
		
		}
	
	}
}