{
	"$schema": "http://json-schema.org/draft-03/schema",
	"description": "UpdateProject Schema",
	"properties": {
		"project_number": {
			"type": "string",
			"required": true
		},
		"projectName": {
			"type": "string"
		},
		"projectDescription": {
			"type": "string"
		},
		"teamId": {
			"type": "string"
		},
		"salesRepId": {
			"type": "string"
		},
		"productCode": {
			"type": "string"
		},
		"projectManagerId": {
			"type": "string"
		},
		"productionProjectManagerId": {
			"type": "string"
		},
		"dataOriginCode": {
			"type": "string"
		},
		"ioMethodCode": {
			"type": "string"
		},
		"customerId": {
			"type": "string"
		},
		"templateId": {
			"type": "string"
		},
		
		"createdBy": {		
		"type": "string"
		
		}
	}
}