<?xml version="1.0" encoding="UTF-8"?>
<mule xmlns:mulexml="http://www.mulesoft.org/schema/mule/xml" xmlns:cors="http://www.mulesoft.org/schema/mule/cors" xmlns:dw="http://www.mulesoft.org/schema/mule/ee/dw" xmlns:metadata="http://www.mulesoft.org/schema/mule/metadata" xmlns:db="http://www.mulesoft.org/schema/mule/db" xmlns:json="http://www.mulesoft.org/schema/mule/json" xmlns:doc="http://www.mulesoft.org/schema/mule/documentation" xmlns="http://www.mulesoft.org/schema/mule/core" xmlns:apikit="http://www.mulesoft.org/schema/mule/apikit" xmlns:http="http://www.mulesoft.org/schema/mule/http" xmlns:spring="http://www.springframework.org/schema/beans" xmlns:xsi="http://www.w3.org/2001/XMLSchema-instance" xsi:schemaLocation="http://www.mulesoft.org/schema/mule/core http://www.mulesoft.org/schema/mule/core/current/mule.xsd
http://www.mulesoft.org/schema/mule/http http://www.mulesoft.org/schema/mule/http/current/mule-http.xsd
http://www.mulesoft.org/schema/mule/apikit http://www.mulesoft.org/schema/mule/apikit/current/mule-apikit.xsd
http://www.springframework.org/schema/beans http://www.springframework.org/schema/beans/spring-beans-3.1.xsd
http://www.mulesoft.org/schema/mule/db http://www.mulesoft.org/schema/mule/db/current/mule-db.xsd
http://www.mulesoft.org/schema/mule/json http://www.mulesoft.org/schema/mule/json/current/mule-json.xsd
http://www.mulesoft.org/schema/mule/ee/dw http://www.mulesoft.org/schema/mule/ee/dw/current/dw.xsd
http://www.mulesoft.org/schema/mule/cors http://www.mulesoft.org/schema/mule/cors/current/mule-cors.xsd
http://www.mulesoft.org/schema/mule/xml http://www.mulesoft.org/schema/mule/xml/current/mule-xml.xsd">
    <http:listener-config name="RecordingInfo-httpListenerConfig" host="0.0.0.0" port="8068" doc:name="HTTP Listener Configuration"/>
    <apikit:config name="RecordingInfo-config" raml="ProdCentral.raml" consoleEnabled="false" doc:name="Router"/>
    <db:mysql-config name="MySQL_Configuration" host="localhost" port="3306" user="root"  database="master" doc:name="MySQL Configuration"/>
    <db:mysql-config name="MySQL_Configuration1" host="localhost" port="3306" user="root" password="Infosys123" database="test" doc:name="MySQL Configuration"/>
    <cors:config name="Cors_Configuration" doc:name="Cors Configuration"/>
    <flow name="RecordingInfo-main">
        <http:listener config-ref="RecordingInfo-httpListenerConfig" path="/hie/*" doc:name="HTTP"/>
        <apikit:router config-ref="RecordingInfo-config" doc:name="APIkit Router"/>
        <exception-strategy ref="RecordingInfo-apiKitGlobalExceptionMapping" doc:name="Reference Exception Strategy"/>
    </flow>
    <flow name="RecordingInfo-console">
        <http:listener config-ref="RecordingInfo-httpListenerConfig" path="/console/*" doc:name="HTTP" allowedMethods="GET"/>
        <apikit:console config-ref="RecordingInfo-config" doc:name="APIkit Console"/>
    </flow>
    <flow name="get:/guarantee-fetchLookupInfo:RecordingInfo-config">
        <cors:validate config-ref="Cors_Configuration" publicResource="true" acceptsCredentials="false" doc:name="CORS Validate"/>
        <db:select config-ref="MySQL_Configuration" doc:name="Database">
            <db:parameterized-query><![CDATA[SELECT m.DropdownName,c.DropDownValue,c.code FROM masterinfo m,child c WHERE m.DropdownName =c.DropdownName ORDER BY m.DropdownName]]></db:parameterized-query>
        </db:select>
        <set-payload value="#[payload]" doc:name="Set Payload"/>
        <logger level="INFO" doc:name="Logger"/>
        <dw:transform-message doc:name="Transform Message" metadata:id="121d53c2-2471-438a-bcee-c88ba5c6876f">
            <dw:input-payload/>
            <dw:set-payload><![CDATA[%dw 1.0
%output application/json
---

  GTE_Recording: payload groupBy $.DropdownName
 ]]></dw:set-payload>
        </dw:transform-message>
        <json:object-to-json-transformer doc:name="Object to JSON"/>
        <set-payload value="#[payload]" doc:name="Set Payload"/>
    </flow>

    <apikit:mapping-exception-strategy name="RecordingInfo-apiKitGlobalExceptionMapping">
        <apikit:mapping statusCode="404">
            <apikit:exception value="org.mule.module.apikit.exception.NotFoundException" />
            <set-property propertyName="Content-Type" value="application/json" doc:name="Property"/>
            <set-payload value="{ &quot;message&quot;: &quot;Resource not found&quot; }" doc:name="Set Payload"/>
        </apikit:mapping>
        <apikit:mapping statusCode="405">
            <apikit:exception value="org.mule.module.apikit.exception.MethodNotAllowedException" />
            <set-property propertyName="Content-Type" value="application/json" doc:name="Property"/>
            <set-payload value="{ &quot;message&quot;: &quot;Method not allowed&quot; }" doc:name="Set Payload"/>
        </apikit:mapping>
        <apikit:mapping statusCode="415">
            <apikit:exception value="org.mule.module.apikit.exception.UnsupportedMediaTypeException" />
            <set-property propertyName="Content-Type" value="application/json" doc:name="Property"/>
            <set-payload value="{ &quot;message&quot;: &quot;Unsupported media type&quot; }" doc:name="Set Payload"/>
        </apikit:mapping>
        <apikit:mapping statusCode="406">
            <apikit:exception value="org.mule.module.apikit.exception.NotAcceptableException" />
            <set-property propertyName="Content-Type" value="application/json" doc:name="Property"/>
            <set-payload value="{ &quot;message&quot;: &quot;Not acceptable&quot; }" doc:name="Set Payload"/>
        </apikit:mapping>
        <apikit:mapping statusCode="400">
            <apikit:exception value="org.mule.module.apikit.exception.BadRequestException" />
            <set-property propertyName="Content-Type" value="application/json" doc:name="Property"/>
            <set-payload value="{ &quot;message&quot;: &quot;Bad request&quot; }" doc:name="Set Payload"/>
        </apikit:mapping>
    </apikit:mapping-exception-strategy>
</mule>
